"CWNS_ID","FACILITY_ID","STATE_CODE","IMPLEMENTATION_STATUS","REMAINING_COST","ANNUAL_COST"
"54002403001",1094967,WV,Considering Implementation,30000,0
"54002620001",1095003,WV,Fully Implemented,0,25000
"54002906001",1095045,WV,Considering Implementation,30000,0
"54005405001",1095317,WV,Fully Implemented,0,0
"54005507001",1095341,WV,Considering Implementation,30000,0
"54005001001",1095277,WV,Fully Implemented,0,18952
"54003904001",3395578,WV,Fully Implemented,0,50000
"23000105001",1142544,ME,Fully Implemented,0,0
"04001342001",1069471,AZ,Fully Implemented,0,0
"12000101009",409166,FL,Not Considering Implementation,0,0
"04002801005",3121869,AZ,Fully Implemented,0,0
"54000202001",1094700,WV,Not Considering Implementation,0,0
"54000301001",1094709,WV,Considering Implementation,30000,0
"54000701001",1094751,WV,Considering Implementation,30000,0
"54001017001",1094775,WV,Fully Implemented,0,40000
"54001592002",1094835,WV,Fully Implemented,0,0
"54002601001",1094995,WV,Not Considering Implementation,0,0
"54003310003",1095104,WV,Considering Implementation,30000,0
"54002012011",491302,WV,Considering Implementation,30000,0
"04001903003",1069551,AZ,Fully Implemented,0,0
"54002107001",3511336,WV,Considering Implementation,30000,0
"54003880203",3519336,WV,Considering Implementation,30000,0
"23000067002",1142503,ME,Fully Implemented,0,0
"23000107001",1142546,ME,Not Considering Implementation,0,0
"23000171001",1142604,ME,Not Considering Implementation,0,0
"04002801011",3120248,AZ,Not Considering Implementation,0,0
"12000001055",457111,FL,Not Considering Implementation,0,0
"54005405011",494650,WV,Not Considering Implementation,0,0
"04001903002",1069550,AZ,Fully Implemented,0,0
"12000001049",1078121,FL,Not Considering Implementation,0,0
"25000166001",1092448,MA,Fully Implemented,0,0
"54002717001",1095018,WV,Considering Implementation,30000,0
"54003412001",1095121,WV,Considering Implementation,30000,0
"36003056001",1232111,NY,In Process of Developing,352000,0
"54002013010",3513462,WV,Considering Implementation,30000,0
"54002505013",3539976,WV,Considering Implementation,30000,0
"12000001028",1078104,FL,Not Considering Implementation,0,0
"54001012001",1094766,WV,Considering Implementation,30000,0
"54005411001",3512096,WV,Considering Implementation,30000,0
"04001343003",1069474,AZ,Not Considering Implementation,0,0
"04001903001",1069549,AZ,Fully Implemented,0,0
"51000158001",1192728,VA,In Process of Developing,100000,100000
"04002801023",439355,AZ,Fully Implemented,0,0
"12000245002",1239655,FL,Not Considering Implementation,0,0
"54000106001",1094693,WV,Fully Implemented,0,10800
"54002901001",1095041,WV,Considering Implementation,30000,0
"54003009001",1095060,WV,Considering Implementation,30000,0
"54004302001",1095222,WV,Fully Implemented,0,25000
"54005008001",1095280,WV,Considering Implementation,30000,0
"23000057003",1142494,ME,Not Considering Implementation,0,0
"25000008002",1092313,MA,Not Considering Implementation,0,0
"23000007001",1142437,ME,Not Considering Implementation,0,0
"12000136014",385127,FL,Not Considering Implementation,0,0
"04002117002",1069590,AZ,Fully Implemented,0,0
"12000001011",1078097,FL,Not Considering Implementation,0,0
"54002604001",1239025,WV,In Process of Developing,7640,0
"12000122001",3314030,FL,Not Considering Implementation,0,0
"54003004001",1095058,WV,Considering Implementation,30000,0
"54004009001",1095171,WV,Considering Implementation,30000,0
"23000024001",1142457,ME,Not Considering Implementation,0,0
"23000139001",1142577,ME,Not Considering Implementation,0,0
"54000213001",3537916,WV,Not Considering Implementation,0,0
"54001030004",1094783,WV,Considering Implementation,30000,0
"25000037001",1092339,MA,Fully Implemented,0,16400
"54002708001",1095013,WV,Considering Implementation,30000,0
"54003031001",1095067,WV,Considering Implementation,30000,0
"54002394001",1094965,WV,Considering Implementation,30000,0
"54003916003",3395730,WV,Not Considering Implementation,0,0
"54004001001",3501970,WV,Not Considering Implementation,0,0
"54001020001",3032014,WV,In Process of Developing,10000,0
"04001904008",3219791,AZ,Fully Implemented,0,0
"54004503001",1095243,WV,Considering Implementation,30000,0
"54002904001",3513798,WV,Considering Implementation,30000,0
"54001720001",1094862,WV,Considering Implementation,30000,0
"54002408001",1094969,WV,Considering Implementation,30000,0
"54002010010",3536736,WV,Considering Implementation,30000,0
"54000212001",3537896,WV,Not Considering Implementation,0,0
"23000057002",1142493,ME,Not Considering Implementation,0,0
"04001309002",1069441,AZ,Fully Implemented,0,0
"25000236001",1092520,MA,Not Considering Implementation,0,0
"54000601001",1094742,WV,Considering Implementation,30000,0
"54004108001",1095189,WV,Fully Implemented,0,75000
"54004122003",1095204,WV,Considering Implementation,30000,0
"54001905001",1094886,WV,Considering Implementation,30000,0
"54002803001",1095031,WV,Fully Implemented,0,0
"25000161001",1092442,MA,Considering Implementation,0,0
"25000251001",1092534,MA,In Process of Developing,130000,0
"54001708001",1094846,WV,Considering Implementation,30000,0
"54001802001",1094872,WV,Considering Implementation,30000,0
"54005208002",1095298,WV,Considering Implementation,30000,0
"54000509002",3513598,WV,Considering Implementation,30000,0
"04002801021",439308,AZ,Fully Implemented,0,0
"54004706001",2982042,WV,Considering Implementation,30000,0
"54002002001",2985142,WV,Considering Implementation,30000,0
"54001504011",3089052,WV,Not Considering Implementation,0,0
"54000204001",3515737,WV,Not Considering Implementation,0,0
"25000239001",1092524,MA,In Process of Developing,578500,0
"54002024001",1094909,WV,Considering Implementation,30000,0
"54002007002",3513323,WV,Fully Implemented,0,32500
"54001592005",3515381,WV,Fully Implemented,0,0
"23000128001",1142566,ME,Not Considering Implementation,0,0
"54001707002",3514809,WV,Considering Implementation,50000,0
"54005012010",3517902,WV,Considering Implementation,30000,0
"04001334002",3528256,AZ,Fully Implemented,0,0
"12000001054",3531597,FL,Not Considering Implementation,0,0
"54004709001",3541057,WV,Not Considering Implementation,0,0
"23000036001",1142470,ME,Fully Implemented,0,0
"23000170001",1142601,ME,Not Considering Implementation,0,0
"12000001051",2836340,FL,Not Considering Implementation,0,0
"54003804001",1095151,WV,Considering Implementation,30000,0
"04001903020",3535856,AZ,Fully Implemented,0,0
"23000056001",1142491,ME,In Process of Developing,0,0
"23000097001",1142536,ME,In Process of Developing,0,0
"54002006002",3513322,WV,Considering Implementation,30000,0
"54004007001",3516980,WV,Considering Implementation,30000,0
"54001002001",1094761,WV,Considering Implementation,30000,0
"54003038001",1095074,WV,Fully Implemented,0,20000
"54005201001",1095296,WV,Considering Implementation,30000,0
"54002206001",1094948,WV,Considering Implementation,30000,0
"54002703001",1095006,WV,Not Considering Implementation,0,0
"54004114001",1095194,WV,Considering Implementation,30000,0
"54004122001",1095202,WV,Considering Implementation,30000,0
"23000064001",1142499,ME,In Process of Developing,0,0
"54005003002",3513416,WV,Fully Implemented,0,30000
"12000018017",1078140,FL,Not Considering Implementation,0,0
"12000155001",1078316,FL,Not Considering Implementation,0,0
"23000133001",1142571,ME,In Process of Developing,0,0
"04001341002",1069470,AZ,Fully Implemented,0,0
"04002116001",1069587,AZ,Not Considering Implementation,0,0
"04002117001",1069589,AZ,Fully Implemented,0,0
"23000187001",2986822,ME,Fully Implemented,0,0
"23000152001",3204570,ME,Fully Implemented,0,0
"04001320004",1069459,AZ,Fully Implemented,0,0
"25000070001",1092369,MA,Fully Implemented,0,0
"54000102001",1094689,WV,Considering Implementation,30000,0
"54001022001",1094778,WV,Considering Implementation,30000,0
"54002608001",1094999,WV,Fully Implemented,0,25000
"54000602001",1094743,WV,Considering Implementation,30000,0
"54001017002",1094776,WV,Considering Implementation,40000,0
"54005406001",1095318,WV,Considering Implementation,30000,0
"54005407001",1095319,WV,Fully Implemented,0,9900
"12000327002",1239658,FL,Not Considering Implementation,0,0
"04002801014",3375075,AZ,Fully Implemented,0,0
"23000045001",1142479,ME,Fully Implemented,0,0
"51001400023",1193041,VA,Considering Implementation,0,0
"54001803001",1239024,WV,Considering Implementation,30000,0
"04001343001",1069472,AZ,Not Considering Implementation,0,0
"04001363001",1069493,AZ,Fully Implemented,0,0
"04002102001",1069580,AZ,Not Considering Implementation,0,0
"12000001050",1078122,FL,Not Considering Implementation,0,0
"54001013001",1094767,WV,Considering Implementation,25000,0
"54002701001",1095005,WV,Considering Implementation,30000,0
"54004401001",1095232,WV,Considering Implementation,30000,0
"54005505003",1095332,WV,Considering Implementation,30000,0
"54005510006",1095347,WV,Considering Implementation,30000,0
"04002801024",439664,AZ,Fully Implemented,0,0
"25000015001",1092319,MA,Fully Implemented,0,0
"54001592003",1094836,WV,Fully Implemented,0,0
"54003204001",1095095,WV,Considering Implementation,30000,0
"04002101001",1069573,AZ,Fully Implemented,0,0
"04002501005",1069615,AZ,Not Considering Implementation,0,0
"12000001033",1078108,FL,Not Considering Implementation,0,0
"12000250001",1078386,FL,Fully Implemented,0,0
"54000210002",1094706,WV,Not Considering Implementation,0,0
"23000068002",1142505,ME,Fully Implemented,0,0
"04000501003",1069361,AZ,In Process of Developing,0,0
"04001343002",1069473,AZ,Not Considering Implementation,0,0
"04002801009",3120048,AZ,Fully Implemented,0,0
"54000103001",1094690,WV,Considering Implementation,10800,0
"54004015001",1095175,WV,Not Considering Implementation,0,0
"54004801001",1095263,WV,Considering Implementation,30000,0
"25000032001",1092334,MA,In Process of Developing,0,0
"54000210004",1094708,WV,Not Considering Implementation,0,0
"04001316010",3210408,AZ,In Process of Developing,0,0
"54003905001",3510556,WV,Fully Implemented,0,50000
"54004009002",3513461,WV,Considering Implementation,30000,0
"54000901001",3507788,WV,Considering Implementation,30000,0
"54002505006",3513997,WV,Considering Implementation,30000,0
"04001343004",3502147,AZ,Not Considering Implementation,0,0
"54002508002",3513436,WV,Considering Implementation,30000,0
"25000003001",1092309,MA,Considering Implementation,0,0
"25000245001",1092529,MA,Not Considering Implementation,0,0
"54001495001",1094825,WV,Considering Implementation,30000,0
"54002505001",1094988,WV,Considering Implementation,30000,0
"54004101001",1095179,WV,Considering Implementation,30000,0
"23000118001",1142557,ME,In Process of Developing,0,0
"25000027001",1092330,MA,Fully Implemented,0,0
"04002301003",1069597,AZ,Not Considering Implementation,0,0
"12000001031",1078106,FL,Not Considering Implementation,0,0
"04002511004",3509177,AZ,Fully Implemented,0,0
"54003916001",3395395,WV,Considering Implementation,30000,0
"54000209001",1094704,WV,Not Considering Implementation,0,0
"54002099050",1094939,WV,Not Considering Implementation,0,0
"54003012001",1095062,WV,Considering Implementation,30000,0
"54002703002",1095007,WV,Not Considering Implementation,0,0
"54003703001",1095145,WV,Fully Implemented,0,17000
"23000103001",1142542,ME,Not Considering Implementation,0,0
"04001316011",3507701,AZ,Fully Implemented,0,0
"54001017003",3513078,WV,Considering Implementation,40000,0
"04000703001",1069374,AZ,Fully Implemented,0,0
"04001904003",3539165,AZ,Fully Implemented,0,0
"04002502001",1069621,AZ,Not Considering Implementation,0,0
"12000046006",1239588,FL,Not Considering Implementation,0,0
"25000057001",1092360,MA,Fully Implemented,0,0
"54000504001",1094735,WV,Considering Implementation,30000,0
"54002805001",1095036,WV,Considering Implementation,30000,0
"54003103001",1095087,WV,Considering Implementation,30000,0
"12000266001",2805199,FL,Not Considering Implementation,0,0
"54000208012",3385433,WV,Not Considering Implementation,0,0
"54001207001",1094799,WV,Not Considering Implementation,0,0
"04001506001",1069527,AZ,Fully Implemented,0,0
"54000317001",3036109,WV,Considering Implementation,30000,0
"54001030001",1094780,WV,Considering Implementation,30000,0
"54002008001",1094899,WV,Considering Implementation,30000,0
"54002508001",1094991,WV,Considering Implementation,30000,0
"04001304003",1069438,AZ,Fully Implemented,0,0
"23000030001",1142464,ME,Considering Implementation,0,0
"54001007001",1094764,WV,Considering Implementation,30000,0
"54001727001",1094866,WV,Considering Implementation,30000,0
"54003332001",1095114,WV,Fully Implemented,0,0
"04002501011",404164,AZ,Fully Implemented,0,0
"54004109001",3384770,WV,Fully Implemented,0,75000
"04001315005",1069454,AZ,Fully Implemented,0,0
"04002801029",3538556,AZ,Fully Implemented,0,0
"54005102001",3539356,WV,Considering Implementation,30000,0
"23000098001",1142538,ME,Not Considering Implementation,0,0
"04002800001",1069690,AZ,Considering Implementation,0,0
"04002117003",401636,AZ,Fully Implemented,0,0
"30000113001",1159167,MT,In Process of Developing,0,0
"04002103002",3533956,AZ,Fully Implemented,0,0
"04002801027",3531836,AZ,Fully Implemented,0,0
"04002511003",1069627,AZ,Fully Implemented,0,0
"54003801001",3396676,WV,Considering Implementation,30000,0
"54002505008",3514057,WV,Considering Implementation,30000,0
"23000112001",1142551,ME,Fully Implemented,0,0
"23000115001",1142554,ME,Fully Implemented,0,0
"54000214001",3537936,WV,Not Considering Implementation,0,0
"25000080001",1092377,MA,Not Considering Implementation,0,0
"25000224001",1092509,MA,Not Considering Implementation,0,0
"25000223001",1092508,MA,Not Considering Implementation,0,0
"54002007001",1094898,WV,Fully Implemented,0,32500
"54002409001",1094970,WV,Fully Implemented,0,10000
"54002412001",1094972,WV,Considering Implementation,30000,0
"54003903001",1095155,WV,Fully Implemented,0,0
"54004104001",1095184,WV,Not Considering Implementation,0,0
"54004107001",1095188,WV,Considering Implementation,30000,0
"04000311001",1069326,AZ,Fully Implemented,0,0
"04001328001",1069462,AZ,Fully Implemented,0,0
"23000066001",1142501,ME,Fully Implemented,0,0
"36004068002",1220769,NY,In Process of Developing,136224,0
"54002505005",3513996,WV,Considering Implementation,30000,0
"54003019002",3513599,WV,Considering Implementation,30000,0
"04001505002",1069523,AZ,Fully Implemented,0,0
"04002301001",1069595,AZ,Not Considering Implementation,0,0
"54005303011",494181,WV,Not Considering Implementation,0,0
"54000302005",1094712,WV,Considering Implementation,30000,0
"54000215001",3537956,WV,Not Considering Implementation,0,0
"04002709004",3530276,AZ,Fully Implemented,0,0
"23000135001",1142573,ME,Fully Implemented,0,0
"23000207001",1142624,ME,Fully Implemented,0,0
"12000018005",1239578,FL,Not Considering Implementation,0,0
"04000304001",1069323,AZ,Fully Implemented,0,0
"54000208001",1094702,WV,Not Considering Implementation,0,0
"54005505000",1095329,WV,Considering Implementation,30000,0
"12000077008",1239605,FL,Not Considering Implementation,0,0
"25000138001",3021971,MA,Not Considering Implementation,0,0
"04001322001",1069460,AZ,Fully Implemented,0,0
"04001100110",2943454,AZ,Fully Implemented,0,0
"04001304004",3114234,AZ,Fully Implemented,0,0
"04002801006",3123368,AZ,Not Considering Implementation,0,0
"30000053001",1159120,MT,Fully Implemented,0,0
"54002035001",3060308,WV,Fully Implemented,0,80000
"04002510001",1069625,AZ,Fully Implemented,0,0
"54005503001",1095327,WV,Considering Implementation,30000,0
"25000136001",1092424,MA,Not Considering Implementation,0,0
"25000206001",1092491,MA,In Process of Developing,0,0
"54000402002",1094732,WV,Considering Implementation,30000,0
"54001310001",1094811,WV,Fully Implemented,0,0
"51070000009",3513920,VA,In Process of Developing,0,0
"04001302014",3501948,AZ,In Process of Developing,0,0
"54004008001",1095170,WV,Fully Implemented,0,17000
"54005104001",1095290,WV,Considering Implementation,30000,0
"04001341005",3507582,AZ,Fully Implemented,0,0
"54002908001",3513799,WV,Considering Implementation,30000,0
"54000203001",3515736,WV,Not Considering Implementation,0,0
"54001592001",1094834,WV,Not Considering Implementation,0,0
"12000382001",1078429,FL,Not Considering Implementation,0,0
"12000001043",1078115,FL,Not Considering Implementation,0,0
"54003102001",1095086,WV,Not Considering Implementation,0,0
"54004230001",1095218,WV,Considering Implementation,30000,0
"04002801010",3115108,AZ,Fully Implemented,0,0
"04001304002",3115969,AZ,Fully Implemented,0,0
"04001322002",3171328,AZ,Fully Implemented,0,0
"54004504001",1095244,WV,Considering Implementation,30000,0
"54004807001",1095269,WV,Considering Implementation,30000,0
"23000034001",1142468,ME,Fully Implemented,0,0
"54002007010",3517376,WV,Not Considering Implementation,0,0
"23000076001",1142514,ME,Considering Implementation,0,0
"04002800101",1069696,AZ,Fully Implemented,0,0
"04001341001",1069469,AZ,Fully Implemented,0,0
"04001320002",3170169,AZ,Fully Implemented,0,0
"23000048001",1142483,ME,Fully Implemented,0,0
"54001801001",1094871,WV,Considering Implementation,30000,0
"54000000022",3607568,WV,Not Considering Implementation,0,0
"12000000017",3607318,FL,Not Considering Implementation,0,0
"02000111003",3607324,AK,Not Considering Implementation,0,0
"02000111001",1104794,AK,In Process of Developing,0,0
"54003206001",1095097,WV,Considering Implementation,30000,0
"13000000152",3607065,GA,In Process of Developing,6000000,1000000
"23000088001",1142526,ME,Fully Implemented,0,0
"30000040001",1159108,MT,Considering Implementation,0,0
"04000505031",3160948,AZ,Fully Implemented,0,0
"04002709001",1069675,AZ,Fully Implemented,0,0
"54000205001",3515738,WV,Not Considering Implementation,0,0
"12000001034",3513460,FL,Not Considering Implementation,0,0
"25000192001",1092476,MA,Fully Implemented,0,0
"54000604001",1094744,WV,Fully Implemented,0,35000
"54002804001",1095035,WV,Considering Implementation,30000,1000
"54001721001",1094863,WV,Considering Implementation,30000,0
"04001312003",1069444,AZ,Fully Implemented,0,0
"23000047001",1142482,ME,Fully Implemented,0,0
"23000078001",1142516,ME,Not Considering Implementation,0,0
"23000227001",1142630,ME,Not Considering Implementation,0,0
"04001341003",3031523,AZ,Fully Implemented,0,0
"54001402001",1094820,WV,Considering Implementation,30000,0
"54001602001",1094838,WV,Considering Implementation,30000,0
"25000049001",1092352,MA,In Process of Developing,35000,10000
"25000216001",1092501,MA,Fully Implemented,0,0
"54002004001",1094896,WV,In Process of Developing,20000,0
"54002315001",1094959,WV,Not Considering Implementation,0,0
"51000308012",1192952,VA,Fully Implemented,0,4500000
"12000136020",3503241,FL,Not Considering Implementation,0,0
"54001018001",1094777,WV,Considering Implementation,30000,0
"54002001001",1094894,WV,In Process of Developing,12000,0
"54004799001",1095262,WV,Not Considering Implementation,0,0
"54003506001",1095135,WV,Considering Implementation,30000,0
"04002103001",1069581,AZ,In Process of Developing,0,0
"54002903001",3513797,WV,Considering Implementation,30000,0
"23000001010",1142430,ME,In Process of Developing,0,0
"23000087001",1142525,ME,Fully Implemented,0,0
"51000010001",1192592,VA,In Process of Developing,0,0
"04002701005",3511376,AZ,Fully Implemented,0,0
"54005409002",3513601,WV,Fully Implemented,0,10000
"25000243001",1092528,MA,Fully Implemented,0,0
"54002025001",1094910,WV,Fully Implemented,0,0
"54004701001",1095257,WV,Considering Implementation,30000,0
"04002801028",3536776,AZ,Fully Implemented,0,0
"04002801004",3157278,AZ,Not Considering Implementation,0,0
"23000090001",1142529,ME,Fully Implemented,0,0
"54001205001",1239022,WV,Considering Implementation,30000,0
"54002505004",3040448,WV,Considering Implementation,30000,0
"12000001048",1078120,FL,Not Considering Implementation,0,0
"54001030003",1094782,WV,Considering Implementation,30000,0
"54003019001",1095064,WV,Considering Implementation,30000,0
"54004005001",1095168,WV,Considering Implementation,30000,0
"04001506002",1069528,AZ,Fully Implemented,0,0
"04001302012",3501946,AZ,In Process of Developing,0,0
"23000164001",1142596,ME,Not Considering Implementation,0,0
"23000022001",1142455,ME,Fully Implemented,0,0
"23000055001",1142490,ME,Fully Implemented,0,0
"54003601001",1239027,WV,Fully Implemented,0,10000
"54001604001",3505100,WV,Considering Implementation,30000,0
"54001703001",1239023,WV,In Process of Developing,0,40000
"54003501002",3513304,WV,Considering Implementation,30000,0
"54002505012",3514038,WV,Considering Implementation,30000,0
"12000101006",398320,FL,Not Considering Implementation,0,0
"51000009001",1192591,VA,Fully Implemented,0,0
"23000057004",1142495,ME,Not Considering Implementation,0,0
"47000940002",1166136,TN,Fully Implemented,0,566000
"54002505009",3514058,WV,Considering Implementation,30000,0
"04001320001",1069458,AZ,Fully Implemented,0,0
"54003880202",3519296,WV,Considering Implementation,30000,0
"54000216001",3537957,WV,Not Considering Implementation,0,0
"54002603001",1094996,WV,Not Considering Implementation,0,0
"54002806001",1095037,WV,Considering Implementation,30000,0
"23000088002",1142527,ME,Fully Implemented,0,0
"54002605001",1239026,WV,Fully Implemented,0,30287
"23000094001",1142533,ME,Not Considering Implementation,0,0
"54005012001",1239031,WV,Considering Implementation,30000,0
"12000127002",1239629,FL,Not Considering Implementation,0,0
"04001302001",1069436,AZ,In Process of Developing,0,0
"54003909001",1095158,WV,Considering Implementation,30000,0
"54001030002",1094781,WV,Considering Implementation,30000,0
"54001038001",1094787,WV,Considering Implementation,30000,0
"54002420001",1094977,WV,Considering Implementation,30000,0
"54002422001",1094979,WV,Considering Implementation,30000,0
"54002810001",1095039,WV,Fully Implemented,0,1000
"54004804001",1095267,WV,Considering Implementation,17000,0
"04001506003",401134,AZ,Fully Implemented,0,0
"54000502001",1094734,WV,Considering Implementation,30000,0
"12000101002",1078245,FL,Not Considering Implementation,0,0
"04002801001",3120214,AZ,Fully Implemented,0,0
"04002801007",3127310,AZ,Fully Implemented,0,0
"36009082011",1221415,NY,In Process of Developing,305900,0
"54002102001",1094943,WV,Considering Implementation,35000,0
"12000000033",3608111,FL,Not Considering Implementation,0,0
"04000000131",3608986,AZ,Fully Implemented,0,0
"04001344001",1069475,AZ,Fully Implemented,0,0
"04002703002",1069673,AZ,Not Considering Implementation,0,0
"51000000132",3607987,VA,In Process of Developing,100000,266000
"30000070001",1159133,MT,In Process of Developing,0,0
"51000308006",1192948,VA,Fully Implemented,0,0
"04001903018",3535476,AZ,Fully Implemented,0,0
"04002800100",1069695,AZ,Fully Implemented,0,0
"54000000068",3609472,WV,Considering Implementation,30000,0
"54000000066",3609338,WV,Considering Implementation,30000,0
"04002701004",1069665,AZ,Fully Implemented,0,0
"54003902001",1095154,WV,Fully Implemented,0,50000
"04000000137",3609314,AZ,Fully Implemented,0,0
"04002801026",3530136,AZ,Fully Implemented,0,0
"04000000138",3609315,AZ,Fully Implemented,0,0
"54004402001",1095233,WV,Considering Implementation,30000,0
"04001334001",1069465,AZ,Fully Implemented,0,0
"54000000032",3608096,WV,Considering Implementation,30000,0
"04001316001",3210288,AZ,Fully Implemented,0,0
"54000603001",1239019,WV,Fully Implemented,0,124845.94
"04000000123",3608694,AZ,Fully Implemented,0,0
"04000000126",3608970,AZ,Not Considering Implementation,0,0
"54004110001",1095191,WV,Considering Implementation,30000,0
"54000505001",1094737,WV,Considering Implementation,30000,0
"54000000028",3607856,WV,Not Considering Implementation,0,0
"54002038002",1094914,WV,Fully Implemented,0,0
"54002043001",1094916,WV,Considering Implementation,30000,0
"54001493001",1094823,WV,Considering Implementation,30000,0
"04001505001",1069522,AZ,Fully Implemented,0,0
"04002511002",1069626,AZ,Fully Implemented,0,0
"54000000030",3607864,WV,Fully Implemented,0,50000
"02000500008",3064708,AK,Considering Implementation,60500,0
"54001601001",1094837,WV,Considering Implementation,30000,0
"04001505030",3160729,AZ,Fully Implemented,0,0
"04000000122",3608660,AZ,Fully Implemented,0,0
"04000000124",3608721,AZ,Fully Implemented,0,0
"04001304001",1069437,AZ,Not Considering Implementation,0,0
"12000000043",3608666,FL,Not Considering Implementation,0,0
"37006402001",1236383,NC,Considering Implementation,2210483,221000
"04000000125",3608796,AZ,Not Considering Implementation,0,0
"54002704001",1095008,WV,Considering Implementation,30000,0
"12000000039",3608445,FL,Not Considering Implementation,0,0
"04001904012",1069572,AZ,In Process of Developing,0,0
"04001903006",3536696,AZ,Fully Implemented,0,0
"54000000023",3607753,WV,Considering Implementation,30000,0
"04000000135",3609209,AZ,Fully Implemented,0,0
"04000000133",3609143,AZ,Fully Implemented,0,0
"54005501001",1095325,WV,Considering Implementation,30000,0
"04002512001",1069629,AZ,Fully Implemented,0,0
"54001710001",1094847,WV,Considering Implementation,30000,0
"54003910001",1095159,WV,Considering Implementation,30000,0
"54000101001",1094688,WV,Considering Implementation,30000,0
"54004502001",1095242,WV,Fully Implemented,0,27000
"04001320005",3534396,AZ,Fully Implemented,0,0
"04001316002",3210088,AZ,Fully Implemented,0,0
"54000000031",3608020,WV,In Process of Developing,30000,0
"54001711001",1094848,WV,Considering Implementation,30000,0
"04000000140",3609478,AZ,Fully Implemented,0,0
"04002104001",1069583,AZ,Fully Implemented,0,0
"04002801000",3121808,AZ,Fully Implemented,0,0
"04000000130",3608983,AZ,Fully Implemented,0,0
"02000500099",3608807,AK,Not Considering Implementation,0,0
"04002801013",3200552,AZ,Fully Implemented,0,0
"54004111001",1095193,WV,Considering Implementation,30000,0
"04000000139",3609468,AZ,Fully Implemented,0,0
"04000000127",3608976,AZ,In Process of Developing,0,0
"04000000128",3608977,AZ,Not Considering Implementation,0,0
"04000501002",1069360,AZ,In Process of Developing,0,0
"04002801022",439329,AZ,Fully Implemented,0,0
"30000000007",3607816,MT,In Process of Developing,0,0
"04000000136",3609268,AZ,Fully Implemented,0,0
"04001309001",1069440,AZ,Fully Implemented,0,0
"04001315009",3166608,AZ,Fully Implemented,0,0
"04000000121",3608587,AZ,Fully Implemented,0,0
"12000000036",3608442,FL,Not Considering Implementation,0,0
"04000000129",3608978,AZ,Fully Implemented,0,0
"04000000134",3609208,AZ,In Process of Developing,0,0
"54000000025",3607777,WV,Considering Implementation,30000,0
"30000024001",1238236,MT,In Process of Developing,0,0
"04001315003",1069452,AZ,Fully Implemented,0,0
"54004305001",1095224,WV,Fully Implemented,0,4300
"23000168001",1142599,ME,Not Considering Implementation,0,0
"04000000152",3610532,AZ,Considering Implementation,0,0
"36000000433",3609352,NY,Not Considering Implementation,0,0
"54004203001",1095208,WV,Considering Implementation,30000,0
"54004215001",1095213,WV,In Process of Developing,30000,0
"54005409001",1095321,WV,Fully Implemented,0,10000
"54002018001",1094906,WV,Fully Implemented,0,27500
"12000101007",409106,FL,Not Considering Implementation,0,0
"12000101005",398310,FL,Not Considering Implementation,0,0
"04001903017",1069556,AZ,Fully Implemented,0,0
"23000147001",3293817,ME,Fully Implemented,0,0
"54004601001",1095252,WV,Fully Implemented,0,0
"54000615001",1094750,WV,Considering Implementation,30000,0
"04000000146",3609680,AZ,Fully Implemented,0,0
"04002709002",1069676,AZ,Fully Implemented,0,0
"54000000078",3610267,WV,Considering Implementation,30000,0
"23000008001",1142439,ME,Fully Implemented,0,30000
"04000904001",1069392,AZ,Fully Implemented,0,0
"23000125001",1142563,ME,Not Considering Implementation,0,0
"23000021001",1142454,ME,Fully Implemented,0,0
"04002508001",1069623,AZ,Fully Implemented,0,0
"04001312002",1069443,AZ,Fully Implemented,0,0
"54004219001",1095215,WV,Considering Implementation,30000,0
"23000108001",1142547,ME,Considering Implementation,0,0
"54003403001",1095116,WV,Considering Implementation,30000,0
"54001804001",1094873,WV,Considering Implementation,30000,0
"54003911001",1095160,WV,In Process of Developing,30000,0
"04000000142",3609637,AZ,Fully Implemented,0,0
"36007060100",3525516,NY,Not Considering Implementation,0,0
"23000072001",1142509,ME,In Process of Developing,20000,0
"04000000151",3610528,AZ,Fully Implemented,0,0
"54002902001",1095043,WV,Fully Implemented,0,20000
"23000130001",1142568,ME,Considering Implementation,0,0
"23000012001",1142443,ME,Considering Implementation,0,0
"23000011001",1142442,ME,Fully Implemented,0,0
"54001101001",1094791,WV,Considering Implementation,30000,0
"23000026001",1142459,ME,Fully Implemented,0,0
"04000000149",3610317,AZ,Fully Implemented,0,0
"04000000141",3609636,AZ,Fully Implemented,0,0
"54004705001",1095260,WV,Considering Implementation,30000,0
"54004201001",1239028,WV,Considering Implementation,30000,0
"54002415001",1094973,WV,Considering Implementation,30000,0
"12000101008",3531776,FL,Not Considering Implementation,0,0
"54002505011",3514017,WV,Considering Implementation,30000,0
"54000000084",3610666,WV,Considering Implementation,30000,0
"54004304001",1239029,WV,Considering Implementation,30000,0
"04000000143",3609646,AZ,Fully Implemented,0,0
"04002801008",3126609,AZ,Fully Implemented,0,0
"04001302005",3501886,AZ,In Process of Developing,0,0
"23000044001",1142478,ME,Fully Implemented,0,0
"04001315001",1069451,AZ,Fully Implemented,0,0
"04001360001",1069490,AZ,Fully Implemented,0,0
"23000122001",1142561,ME,Not Considering Implementation,0,0
"12000144001",1078302,FL,Not Considering Implementation,0,0
"23000154001",1142588,ME,Fully Implemented,0,0
"04000000145",3609669,AZ,Not Considering Implementation,0,0
"04001312001",1069442,AZ,Fully Implemented,0,0
"54004210001",1095212,WV,Considering Implementation,30000,0
"54004901001",1095272,WV,Considering Implementation,30000,0
"54001703002",3513321,WV,Fully Implemented,0,40000
"23000091001",1142531,ME,Fully Implemented,0,0
"04000000150",3610395,AZ,Fully Implemented,0,0
"23000019001",1142450,ME,Fully Implemented,0,0
"54000000081",3610506,WV,Considering Implementation,30000,0
"54001701001",1094841,WV,Considering Implementation,30000,0
"54002022001",1094907,WV,Considering Implementation,30000,0
"04000000144",3609649,AZ,Not Considering Implementation,0,0
"04000000148",3609725,AZ,Fully Implemented,0,0
"23000158001",1142591,ME,Fully Implemented,0,0
"54004902001",1095273,WV,Considering Implementation,30000,0
"23000000032",3612011,ME,Fully Implemented,0,0
"23000145001",1142582,ME,In Process of Developing,0,0
"36008077001",1232169,NY,In Process of Developing,267400,0
"49000000047",3611500,UT,Not Considering Implementation,0,0
"23000054001",1142489,ME,Fully Implemented,0,0
"04000000153",3611256,AZ,Fully Implemented,0,0
"23000149001",1142584,ME,Not Considering Implementation,0,0
"23000116001",1142555,ME,In Process of Developing,60000,0
"04001318001",1069457,AZ,Fully Implemented,0,0
"04001713001",1069544,AZ,Fully Implemented,0,0
"04002801003",3166928,AZ,Fully Implemented,0,0
"04002801018",439117,AZ,Fully Implemented,0,0
"23000009001",1142440,ME,Fully Implemented,0,0
"23000052001",1142487,ME,Not Considering Implementation,0,0
"54002001011",490718,WV,Fully Implemented,0,12000
"54001301001",1094806,WV,Considering Implementation,30000,0
"54000000093",3611426,WV,Considering Implementation,30000,0
"23000070001",1142507,ME,Not Considering Implementation,0,0
"54000000089",3611240,WV,Considering Implementation,30000,0
"54003802001",1095148,WV,Considering Implementation,30000,0
"54002038001",1094913,WV,Fully Implemented,0,0
"09000000046",3611810,CT,Not Considering Implementation,0,0
"54001033001",1094786,WV,Considering Implementation,30000,0
"54000000090",3611335,WV,Considering Implementation,30000,0
"12000107001",1078254,FL,Not Considering Implementation,0,0
"12000001008",3507820,FL,Not Considering Implementation,0,0
"12000001009",3531676,FL,Not Considering Implementation,0,0
"12000001004",1078094,FL,Not Considering Implementation,0,0
"23000000035",3612269,ME,Fully Implemented,0,0
"12000001039",1078111,FL,Not Considering Implementation,0,0
"23000031001",1142465,ME,Not Considering Implementation,0,0
"23000003001",1142433,ME,Fully Implemented,0,0
"54001716003",1094852,WV,Considering Implementation,30000,0
"12000001007",2847382,FL,Not Considering Implementation,0,0
"23000077001",1142515,ME,Considering Implementation,0,0
"54004012001",1095174,WV,Considering Implementation,30000,0
"25000390004",3611836,MA,Fully Implemented,0,0
"02000106001",1104788,AK,Considering Implementation,295000,0
"23000155001",1142589,ME,Not Considering Implementation,0,0
"12000001019",1078099,FL,Not Considering Implementation,0,0
"36008019001",1221213,NY,In Process of Developing,123111,0
"54004105001",1095185,WV,In Process of Developing,40000,0
"23000199001",1142622,ME,Not Considering Implementation,0,0
"54002006001",1094897,WV,Considering Implementation,30000,0
"36005031001",1220845,NY,In Process of Developing,249263,0
"54000000091",3611413,WV,Considering Implementation,30000,0
"54002011001",1094901,WV,In Process of Developing,10000,0
"23000023001",1142456,ME,Fully Implemented,0,0
"12000000125",3612239,FL,Not Considering Implementation,0,0
"69000000014",3611317,MP,Not Considering Implementation,0,0
"23000033001",1142467,ME,In Process of Developing,0,0
"36004032001",1220726,NY,In Process of Developing,268450,0
"54003321001",1095111,WV,Not Considering Implementation,0,0
"25000204001",1092489,MA,In Process of Developing,0,0
"54000000094",3612254,WV,Considering Implementation,30000,0
"04002801002",3165471,AZ,Fully Implemented,0,0
"12000001020",1078100,FL,Not Considering Implementation,0,0
"12000001022",2880180,FL,Not Considering Implementation,0,0
"35000118001",1145116,NM,Considering Implementation,,0
"12000001026",3531616,FL,Not Considering Implementation,0,0
"12000001027",2922213,FL,Not Considering Implementation,0,0
"12000001045",1078117,FL,Not Considering Implementation,0,0
"12000047002",3505600,FL,Not Considering Implementation,0,0
"12000046001",1078163,FL,In Process of Developing,0,0
"54005301001",1239034,WV,Fully Implemented,0,0
"54001303001",1094807,WV,Considering Implementation,30000,0
"12000224001",1078370,FL,Not Considering Implementation,0,0
"23000062001",3214228,ME,Fully Implemented,0,0
"25000191001",1092475,MA,In Process of Developing,150000,0
"12000001032",1078107,FL,Not Considering Implementation,0,0
"12000001035",1078110,FL,Not Considering Implementation,0,0
"12000050001",1078169,FL,Not Considering Implementation,0,0
"12000000040",3608446,FL,Not Considering Implementation,0,0
"25000379001",1092562,MA,Fully Implemented,0,0
"25000119002",3609757,MA,Fully Implemented,0,0
"23000405001",3513465,ME,Not Considering Implementation,0,0
"23000089001",1142528,ME,Fully Implemented,0,0
"23000025002",3539956,ME,Not Considering Implementation,0,0
"23000097002",1142537,ME,In Process of Developing,0,0
"12000001046",1078118,FL,Not Considering Implementation,0,0
"25000030001",2979045,MA,Fully Implemented,0,0
"12000272001",2876320,FL,Not Considering Implementation,0,0
"25000168001",1092449,MA,Fully Implemented,0,0
"25000187001",1092469,MA,Fully Implemented,0,300000
"25000205001",1092490,MA,In Process of Developing,0,0
"25000262001",1092543,MA,Considering Implementation,0,0
"25000107001",1092404,MA,Fully Implemented,0,5025000
"23000075001",1142513,ME,Fully Implemented,0,0
"54000504003",3231428,WV,Considering Implementation,10000,0
"23000060001",1142497,ME,In Process of Developing,0,0
"23000079001",1142517,ME,Fully Implemented,0,0
"12000120009",393503,FL,Not Considering Implementation,0,0
"54005209001",1095299,WV,Considering Implementation,30000,0
"25000146001",1092429,MA,Fully Implemented,0,0
"25000194001",1092478,MA,Considering Implementation,0,0
"23000163001",1142595,ME,Not Considering Implementation,0,0
"25000172001",1092454,MA,In Process of Developing,20000,0
"23000001003",1142427,ME,Fully Implemented,0,0
"23000001011",1142431,ME,Fully Implemented,0,0
"23000119001",1142558,ME,Fully Implemented,0,0
"54001501001",1094826,WV,Considering Implementation,30000,0
"54004120001",1095199,WV,Considering Implementation,30000,0
"25000045001",1092348,MA,In Process of Developing,0,0
"25000004001",1092310,MA,In Process of Developing,400000,130000
"51000005001",1192587,VA,Fully Implemented,0,0
"54000000097",3612891,WV,Considering Implementation,30000,0
"23000028001",1142461,ME,Not Considering Implementation,0,0
"25000230001",1092515,MA,Not Considering Implementation,0,0
"25000144001",1092428,MA,In Process of Developing,150000,1550000
"12000322003",3501820,FL,Not Considering Implementation,0,0
"12000001053",3244509,FL,Not Considering Implementation,0,0
"12000119001",1078267,FL,Not Considering Implementation,0,0
"23000000046",3612970,ME,Fully Implemented,0,0
"12000000130",3612342,FL,Not Considering Implementation,0,0
"54000509001",1094833,WV,Considering Implementation,30000,0
"25000025001",1092328,MA,Fully Implemented,0,3500000
"36007167002",1221157,NY,Considering Implementation,0,0
"25000259001",3023468,MA,In Process of Developing,0,300000
"25000081001",1092378,MA,In Process of Developing,36750,0
"25000024001",1092327,MA,Fully Implemented,0,8500000
"25000212001",1092497,MA,Fully Implemented,0,0
"23000407001",3513466,ME,Not Considering Implementation,0,0
"25000016001",1092320,MA,Fully Implemented,0,0
"25000201001",1092486,MA,In Process of Developing,0,0
"25000010001",1092315,MA,Considering Implementation,0,0
"25000164001",1092446,MA,In Process of Developing,0,0
"54003880200",483542,WV,Considering Implementation,30000,0
"25000019001",1092322,MA,In Process of Developing,600000,35000
"54000316001",1094721,WV,In Process of Developing,30000,0
"23000029001",1142462,ME,Not Considering Implementation,0,0
"12000162002",3171311,FL,Not Considering Implementation,0,0
"54000506001",3516856,WV,In Process of Developing,30000,0
"25000152001",1092433,MA,In Process of Developing,0,0
"23000415001",3513470,ME,Not Considering Implementation,0,0
"23000002001",1142432,ME,Fully Implemented,0,0
"12000155010",465162,FL,Not Considering Implementation,0,0
"25000128001",1092422,MA,Fully Implemented,0,65000000
"25000067001",1092368,MA,Considering Implementation,0,0
"23000000036",3612492,ME,Fully Implemented,0,0
"54005199001",1095291,WV,Not Considering Implementation,0,0
"54000504002",1094736,WV,In Process of Developing,30000,0
"25000035001",1092337,MA,Considering Implementation,92000000,0
"12000257001",1078389,FL,Not Considering Implementation,0,0
"12000048002",1239589,FL,Not Considering Implementation,0,0
"23000041001",1142475,ME,Fully Implemented,0,0
"12000322001",1078416,FL,Not Considering Implementation,0,0
"23000000044",3612903,ME,Fully Implemented,0,0
"12000182008",3015522,FL,Not Considering Implementation,0,0
"54002501001",2985883,WV,Fully Implemented,0,10500
"23000001001",1142426,ME,Fully Implemented,0,0
"12000252001",2811581,FL,Not Considering Implementation,0,0
"54003501001",1095128,WV,Considering Implementation,30000,0
"23000017001",1142448,ME,Fully Implemented,0,0
"23000431001",3513498,ME,Not Considering Implementation,0,0
"54001504001",1094831,WV,Considering Implementation,30000,0
"23000403001",3513463,ME,Not Considering Implementation,0,0
"12000001010",1078096,FL,Not Considering Implementation,0,0
"23000117001",1142556,ME,Fully Implemented,0,0
"54003413001",1095123,WV,Considering Implementation,30000,0
"54002502001",1094987,WV,Considering Implementation,30000,0
"54004703001",1095259,WV,Fully Implemented,0,18000
"23000038001",1142472,ME,Not Considering Implementation,0,0
"09000500001",1071823,CT,Not Considering Implementation,0,0
"54000605001",1094745,WV,Fully Implemented,0,35000
"23000046001",1142481,ME,In Process of Developing,0,0
"25000040001",1092343,MA,Fully Implemented,0,0
"25000072001",1092371,MA,Fully Implemented,0,182600
"23000000037",3612741,ME,Not Considering Implementation,0,0
"23000000043",3612897,ME,Not Considering Implementation,0,0
"23000080001",1142518,ME,Fully Implemented,0,0
"23000037001",1142471,ME,Not Considering Implementation,0,0
"12000001001",1078092,FL,Not Considering Implementation,0,0
"25000013001",1092317,MA,In Process of Developing,0,0
"23000102001",1142541,ME,Fully Implemented,0,0
"23000000045",3612923,ME,Not Considering Implementation,0,0
"23000001004",1142428,ME,Fully Implemented,0,0
"25000175001",1092457,MA,Fully Implemented,0,0
"23000093001",1142532,ME,Not Considering Implementation,0,0
"23000000050",3613098,ME,Not Considering Implementation,0,0
"12000136013",385118,FL,Not Considering Implementation,0,0
"23000192001",1142616,ME,Not Considering Implementation,0,0
"23000232001",1142632,ME,Not Considering Implementation,0,0
"12000001012",1078098,FL,Not Considering Implementation,0,0
"12000001056",457150,FL,Not Considering Implementation,0,0
"23000015001",1142446,ME,Fully Implemented,0,0
"23000188001",1142614,ME,Fully Implemented,0,0
"25000189001",1092473,MA,In Process of Developing,4500000,500000
"25000151001",1092432,MA,Considering Implementation,0,0
"54000605003",2985718,WV,Fully Implemented,0,35000
"54004602001",1239030,WV,Considering Implementation,30000,0
"23000068001",1142504,ME,Not Considering Implementation,0,0
"54002919001",1095049,WV,Considering Implementation,30000,0
"23000081001",1142519,ME,Fully Implemented,0,0
"23000018001",1142449,ME,In Process of Developing,0,0
"25000074001",1092372,MA,Fully Implemented,0,5500000
"12000001047",1078119,FL,Not Considering Implementation,0,0
"23000000048",3613089,ME,Fully Implemented,0,0
"23000059001",1142496,ME,Fully Implemented,0,0
"25000184001",1092466,MA,Fully Implemented,0,0
"54003505001",1095132,WV,Fully Implemented,0,35000
"23000162001",1142594,ME,Not Considering Implementation,0,0
"23000000051",3613100,ME,Fully Implemented,0,0
"23000189001",3283848,ME,Fully Implemented,0,0
"25000028001",1092331,MA,In Process of Developing,0,0
"12000001038",2922293,FL,Not Considering Implementation,0,0
"54001713001",1094850,WV,Considering Implementation,30000,0
"54001304001",1094808,WV,Considering Implementation,30000,0
"12000077014",468873,FL,Not Considering Implementation,0,0
"54005203001",3536376,WV,Considering Implementation,30000,0
"23000006001",1142436,ME,Fully Implemented,0,0
"54001592004",3211488,WV,Fully Implemented,0,0
"12000136022",3503380,FL,Not Considering Implementation,0,0
"23000051001",1142486,ME,Fully Implemented,0,0
"12000327001",1078420,FL,Not Considering Implementation,0,0
"25000063001",1092364,MA,In Process of Developing,22580000,2160000
"25000179003",3022811,MA,In Process of Developing,7073700,0
"25000066001",1092367,MA,In Process of Developing,30000,0
"23000071001",1142508,ME,Fully Implemented,0,0
"54000000145",3613379,WV,Considering Implementation,30000,0
"54000000181",3613437,WV,Considering Implementation,30000,0
"54000000189",3613445,WV,Considering Implementation,30000,0
"54000000192",3613448,WV,Not Considering Implementation,0,0
"54000000195",3613452,WV,Considering Implementation,30000,0
"54000000206",3613464,WV,Considering Implementation,30000,0
"54000000130",3613363,WV,Considering Implementation,30000,0
"54000000132",3613365,WV,Considering Implementation,30000,0
"54000000187",3613443,WV,Considering Implementation,30000,0
"54000000188",3613444,WV,Considering Implementation,30000,0
"54000000243",3613512,WV,Considering Implementation,30000,0
"54000000247",3613518,WV,Considering Implementation,30000,0
"54000000115",3613343,WV,Considering Implementation,30000,0
"54000000142",3613375,WV,Considering Implementation,30000,0
"54000000154",3613388,WV,Considering Implementation,30000,0
"23000146001",1142583,ME,Fully Implemented,0,0
"54000000124",3613354,WV,Considering Implementation,30000,0
"54000000128",3613359,WV,In Process of Developing,30000,0
"54000000205",3613463,WV,Considering Implementation,30000,0
"54000000265",3613540,WV,Not Considering Implementation,0,0
"23000427001",3513482,ME,Not Considering Implementation,0,0
"54000000193",3613449,WV,Considering Implementation,30000,0
"54000000257",3613529,WV,Considering Implementation,30000,0
"54000000260",3613534,WV,Considering Implementation,30000,0
"23000000058",3613611,ME,Fully Implemented,0,0
"23000409001",3513467,ME,Not Considering Implementation,0,0
"54000000116",3613344,WV,Considering Implementation,30000,0
"54000000152",3613386,WV,Considering Implementation,30000,0
"54000000153",3613387,WV,Fully Implemented,0,35000
"23000042001",1142476,ME,In Process of Developing,0,0
"54002034001",1094912,WV,Fully Implemented,0,20000
"54001039001",1094788,WV,Considering Implementation,30000,0
"54000000240",3613509,WV,Considering Implementation,30000,0
"54000000246",3613516,WV,Considering Implementation,30000,0
"54000000259",3613532,WV,Considering Implementation,30000,0
"54000000120",3613350,WV,Considering Implementation,30000,0
"54000000122",3613352,WV,Considering Implementation,30000,0
"54004122002",1095203,WV,Considering Implementation,30000,0
"54004118002",1095197,WV,Fully Implemented,0,75000
"54005403002",3520837,WV,Not Considering Implementation,0,0
"54001893001",1094880,WV,Considering Implementation,30000,0
"54003880204",3519356,WV,Considering Implementation,30000,0
"54002207001",1094949,WV,Considering Implementation,30000,0
"54000218001",3537959,WV,Not Considering Implementation,0,0
"54000211001",3515740,WV,Not Considering Implementation,0,0
"23000000053",3613281,ME,Fully Implemented,0,0
"23000039001",1142473,ME,Not Considering Implementation,0,0
"54000000103",3613329,WV,Considering Implementation,30000,0
"54000000104",3613330,WV,Not Considering Implementation,0,0
"54000513002",3513616,WV,Fully Implemented,0,10000
"54000000150",3613384,WV,Considering Implementation,30000,0
"54000000280",3613999,WV,Considering Implementation,30000,0
"54003901001",1095153,WV,Fully Implemented,0,40000
"54000208002",1094703,WV,Not Considering Implementation,0,0
"54000000110",3613337,WV,Considering Implementation,30000,0
"54000000111",3613338,WV,In Process of Developing,35000,0
"54000000125",3613355,WV,Considering Implementation,30000,0
"23000151001",1142586,ME,Fully Implemented,0,0
"54000000133",3613366,WV,Fully Implemented,0,27000
"54000000135",3613368,WV,Considering Implementation,30000,0
"54000000139",3613372,WV,Not Considering Implementation,0,0
"54000000190",3613446,WV,Fully Implemented,0,25000
"54000000191",3613447,WV,Considering Implementation,30000,0
"54000000211",3613469,WV,Considering Implementation,30000,0
"54000000218",3613479,WV,Not Considering Implementation,0,0
"54000000238",3613505,WV,Considering Implementation,30000,0
"54000000109",3613336,WV,Fully Implemented,0,12100
"54000000121",3613351,WV,Considering Implementation,30000,0
"54000000138",3613371,WV,Considering Implementation,30000,0
"54000000144",3613378,WV,Considering Implementation,30000,0
"54000000277",3613553,WV,Considering Implementation,30000,0
"23000004001",1142434,ME,In Process of Developing,0,0
"54000000220",3613481,WV,Fully Implemented,0,45000
"54000000263",3613538,WV,Considering Implementation,30000,0
"23000411001",3513468,ME,Not Considering Implementation,0,0
"54000000168",3613419,WV,Considering Implementation,30000,0
"54000000171",3613423,WV,Not Considering Implementation,0,0
"54000000177",3613432,WV,Considering Implementation,30000,0
"54000000179",3613435,WV,Considering Implementation,30000,0
"54000000183",3613439,WV,Considering Implementation,30000,0
"54000000201",3613458,WV,Not Considering Implementation,0,0
"54000000202",3613459,WV,Considering Implementation,30000,0
"54000000112",3613339,WV,Considering Implementation,30000,0
"54000000156",3613391,WV,Considering Implementation,30000,0
"54000000268",3613543,WV,Considering Implementation,30000,0
"54000000208",3613466,WV,Considering Implementation,30000,0
"54000000215",3613475,WV,Fully Implemented,0,20000
"54000000216",3613476,WV,Considering Implementation,30000,0
"54000000223",3613484,WV,Considering Implementation,30000,0
"54000000225",3613488,WV,Considering Implementation,30000,0
"54000000228",3613492,WV,Considering Implementation,30000,0
"54000000232",3613497,WV,Considering Implementation,30000,0
"54000000235",3613500,WV,Considering Implementation,30000,0
"23000005001",1142435,ME,Fully Implemented,0,0
"54000000113",3613340,WV,Considering Implementation,30000,0
"54000000157",3613392,WV,Fully Implemented,0,17000
"54000000207",3613465,WV,Considering Implementation,30000,0
"54000000274",3613550,WV,In Process of Developing,72000,0
"54000000245",3613515,WV,Considering Implementation,30000,0
"54000000251",3613522,WV,Not Considering Implementation,0,0
"54000000256",3613528,WV,Considering Implementation,30000,0
"54000000262",3613537,WV,Considering Implementation,30000,0
"54000000270",3613545,WV,Not Considering Implementation,0,0
"54000000272",3613547,WV,Considering Implementation,30000,0
"54000000273",3613548,WV,Considering Implementation,30000,0
"54002405002",3513336,WV,Considering Implementation,30000,0
"23000000059",3613764,ME,Not Considering Implementation,0,0
"54000000134",3613367,WV,Not Considering Implementation,0,0
"54000000159",3613395,WV,Considering Implementation,30000,0
"54000000222",3613483,WV,Considering Implementation,30000,0
"54000000233",3613498,WV,Considering Implementation,30000,0
"54000000236",3613502,WV,Considering Implementation,30000,0
"23000423001",3513477,ME,Not Considering Implementation,0,0
"23000421001",3513476,ME,Not Considering Implementation,0,0
"54000000119",3613348,WV,Considering Implementation,30000,0
"54000000143",3613377,WV,Considering Implementation,30000,0
"54000000178",3613434,WV,Considering Implementation,30000,0
"54000000180",3613436,WV,Not Considering Implementation,0,0
"54000000186",3613442,WV,Considering Implementation,30000,0
"54000000227",3613490,WV,Considering Implementation,30000,0
"54000000241",3613510,WV,Considering Implementation,30000,0
"54000000155",3613390,WV,In Process of Developing,10000,0
"54000000229",3613493,WV,Considering Implementation,30000,0
"54000000102",3613328,WV,Not Considering Implementation,0,0
"54000000254",3613526,WV,Considering Implementation,30000,0
"23000429001",3513496,ME,Not Considering Implementation,0,0
"54000000209",3613467,WV,Considering Implementation,30000,0
"54000000213",3613473,WV,Considering Implementation,30000,0
"54000000224",3613486,WV,Not Considering Implementation,0,0
"54000000271",3613546,WV,Fully Implemented,0,7640
"54004005011",494625,WV,Considering Implementation,30000,0
"54000000282",3614153,WV,Considering Implementation,30000,0
"54000000258",3613530,WV,Considering Implementation,30000,0
"54000000226",3613489,WV,Considering Implementation,30000,0
"54000000230",3613494,WV,Not Considering Implementation,0,0
"54000000239",3613507,WV,Considering Implementation,30000,0
"54000000242",3613511,WV,Considering Implementation,30000,0
"54000000249",3613520,WV,Considering Implementation,30000,0
"54000000253",3613524,WV,Considering Implementation,30000,0
"54000000255",3613527,WV,Considering Implementation,30000,0
"54000000261",3613535,WV,Considering Implementation,30000,0
"54000000269",3613544,WV,Considering Implementation,30000,0
"54000000275",3613551,WV,Fully Implemented,0,15000
"54000000276",3613552,WV,Considering Implementation,30000,0
"54000000200",3613457,WV,Fully Implemented,0,10000
"54000000231",3613496,WV,Fully Implemented,0,30287
"23000020001",1142451,ME,In Process of Developing,0,0
"54000000234",3613499,WV,Fully Implemented,0,10000
"54000000252",3613523,WV,Considering Implementation,30000,0
"54000000279",3613555,WV,Considering Implementation,30000,0
"23000113001",1142552,ME,Not Considering Implementation,0,0
"23000425001",3513479,ME,Not Considering Implementation,0,0
"23000413001",3513469,ME,Not Considering Implementation,0,0
"23000000052",3613212,ME,In Process of Developing,0,0
"54000217001",3537958,WV,Not Considering Implementation,0,0
"23000134001",1142572,ME,Considering Implementation,60000,0
"23000014001",1142445,ME,In Process of Developing,0,0
"23000049001",1142484,ME,Not Considering Implementation,0,0
"54000000118",3613346,WV,Fully Implemented,0,0
"54000000244",3613514,WV,Fully Implemented,0,22000
"23000000056",3613525,ME,Fully Implemented,0,0
"23000150001",1142585,ME,Fully Implemented,0,0
"54000000101",3613177,WV,Not Considering Implementation,0,0
"54000000148",3613382,WV,Considering Implementation,30000,0
"54000000163",3613399,WV,Considering Implementation,30000,0
"54000000067",3609414,WV,Considering Implementation,30000,0
"54000000158",3613394,WV,Considering Implementation,30000,0
"23000142001",1142580,ME,Considering Implementation,0,0
"54000000164",3613400,WV,Considering Implementation,30000,0
"54000000278",3613554,WV,Considering Implementation,30000,0
"23000127001",1142565,ME,Not Considering Implementation,0,0
"54000000126",3613356,WV,Fully Implemented,0,9000
"23000010001",1142441,ME,Fully Implemented,0,0
"54000000184",3613440,WV,Considering Implementation,30000,0
"54000000185",3613441,WV,Considering Implementation,30000,0
"54000000197",3613454,WV,Considering Implementation,30000,0
"54000000210",3613468,WV,Fully Implemented,0,4300
"54000000219",3613480,WV,Considering Implementation,30000,0
"23000067001",1142502,ME,Fully Implemented,0,0
"23000020002",1142452,ME,Considering Implementation,0,0
"54000000248",3613519,WV,Considering Implementation,30000,0
"54000000107",3613333,WV,Considering Implementation,30000,0
"54000000127",3613358,WV,Considering Implementation,30000,0
"54000000137",3613370,WV,Considering Implementation,30000,0
"23000000055",3613389,ME,Fully Implemented,0,0
"54000000165",3613401,WV,Considering Implementation,30000,0
"54000000129",3613360,WV,Considering Implementation,30000,0
"54000000136",3613369,WV,Considering Implementation,30000,0
"23000110001",1142549,ME,Fully Implemented,0,0
"54000000146",3613380,WV,Considering Implementation,30000,0
"54000000160",3613396,WV,Not Considering Implementation,0,0
"54000000281",3614150,WV,Considering Implementation,30000,0
"54002501002",3513302,WV,Fully Implemented,0,10500
"54002703011",3513306,WV,Not Considering Implementation,0,0
"54005001002",3513319,WV,Fully Implemented,0,18952
"54001013010",3513457,WV,Fully Implemented,0,25000
"54000000250",3613521,WV,Not Considering Implementation,0,0
"54000000267",3613542,WV,Considering Implementation,30000,0
"54002505010",3514217,WV,Considering Implementation,30000,0
"04001503001",3538076,AZ,Not Considering Implementation,0,0
"04001503002",1069518,AZ,Not Considering Implementation,0,0
"54002101001",1094942,WV,Considering Implementation,30000,0
"54000000285",3614157,WV,Fully Implemented,0,40000
"54000000286",3614158,WV,Considering Implementation,30000,0
"54005401001",1095310,WV,Not Considering Implementation,0,0
"23000069002",1142506,ME,Fully Implemented,0,0
"54000000161",3613397,WV,Considering Implementation,30000,0
"54000000170",3613422,WV,Considering Implementation,30000,0
"54000000172",3613424,WV,Considering Implementation,30000,0
"54000000237",3613504,WV,Considering Implementation,30000,0
"54000000284",3614155,WV,Considering Implementation,30000,0
"54000206001",3515739,WV,Not Considering Implementation,0,0
"23000034002",3518176,ME,Fully Implemented,0,0
"54003509001",1095137,WV,Considering Implementation,30000,0
"23000153001",1142587,ME,Fully Implemented,0,0
"23000050001",1142485,ME,Not Considering Implementation,0,0
"54000000106",3613332,WV,Considering Implementation,30000,0
"23000137001",1142575,ME,Fully Implemented,0,0
"54000000114",3613342,WV,Considering Implementation,30000,0
"54000000117",3613345,WV,Considering Implementation,30000,0
"54000000123",3613353,WV,Fully Implemented,0,10800
"54000000131",3613364,WV,Not Considering Implementation,0,0
"54000000264",3613539,WV,Considering Implementation,30000,0
"54000000266",3613541,WV,Considering Implementation,30000,0
"54000000140",3613373,WV,Considering Implementation,30000,0
"54000000141",3613374,WV,Fully Implemented,0,17000
"54000000147",3613381,WV,Not Considering Implementation,0,0
"54000000149",3613383,WV,Considering Implementation,30000,0
"54000000151",3613385,WV,Considering Implementation,30000,0
"54000000162",3613398,WV,In Process of Developing,40000,0
"54000000166",3613403,WV,Considering Implementation,30000,0
"23000020003",1142453,ME,In Process of Developing,0,0
"23000419001",3513472,ME,Not Considering Implementation,0,0
"23000417001",3513471,ME,Not Considering Implementation,0,0
"23000175001",1142608,ME,Considering Implementation,0,0
"23000401001",3513459,ME,Not Considering Implementation,0,0
"54000000167",3613418,WV,Considering Implementation,30000,0
"54000000169",3613421,WV,Considering Implementation,30000,0
"54000000173",3613426,WV,Considering Implementation,30000,0
"54000000174",3613427,WV,Considering Implementation,30000,0
"54000000175",3613429,WV,Considering Implementation,30000,0
"54000000176",3613430,WV,Considering Implementation,30000,0
"54000000194",3613450,WV,Considering Implementation,30000,0
"54000000196",3613453,WV,Considering Implementation,30000,0
"54000000198",3613455,WV,Considering Implementation,30000,0
"54000000199",3613456,WV,Considering Implementation,30000,0
"54000000203",3613460,WV,Considering Implementation,30000,0
"54000000204",3613461,WV,Considering Implementation,30000,0
"54000000214",3613474,WV,Considering Implementation,30000,0
"54000000217",3613477,WV,Considering Implementation,30000,0
"54000000221",3613482,WV,Considering Implementation,30000,0
"25000261001",1092541,MA,Not Considering Implementation,0,0
"25000048001",1092351,MA,Fully Implemented,0,5000000
"54000207001",1094701,WV,Not Considering Implementation,0,0
"25000018001",2975904,MA,In Process of Developing,0,0
"25000171001",1092452,MA,In Process of Developing,0,0
"54000202002",3513419,WV,Not Considering Implementation,0,0
"04002800003",3539236,AZ,Considering Implementation,0,0
"25000012001",1092316,MA,Considering Implementation,0,0
"25000062001",1092363,MA,Fully Implemented,0,0
"25000179001",1092461,MA,Considering Implementation,0,0
"25000097001",1092392,MA,Fully Implemented,0,300000
"54002502002",3513338,WV,Considering Implementation,30000,0
"54000000212",3613470,WV,Considering Implementation,30000,0
"54000000182",3613438,WV,Considering Implementation,30000,0
"54002509002",3513456,WV,Considering Implementation,30000,0
"54003508001",1095136,WV,Fully Implemented,0,20000
"54000208022",3407016,WV,Not Considering Implementation,0,0
"12000001042",1078114,FL,Not Considering Implementation,0,0
"12000154001",1078314,FL,Fully Implemented,0,0
"23000025001",1142458,ME,Not Considering Implementation,0,0
"23000027001",1142460,ME,Considering Implementation,0,0
"23000090002",1142530,ME,Fully Implemented,0,0
"23000101001",1142540,ME,Not Considering Implementation,0,0
"54001015001",1094770,WV,Considering Implementation,30000,0
"54002416001",3007363,WV,Considering Implementation,30000,0
"54002505007",3513998,WV,Considering Implementation,30000,0
"54002606001",1094997,WV,Fully Implemented,0,12100
"54002793002",1095026,WV,Considering Implementation,30000,0
"54003310001",1095102,WV,Considering Implementation,30000,0
"54003404001",1095117,WV,Considering Implementation,30000,0
"54003799001",1095147,WV,Considering Implementation,30000,0
"54004102002",1095181,WV,Considering Implementation,30000,0
"54004801002",1095264,WV,Considering Implementation,30000,0
"51000020003",1192609,VA,In Process of Developing,0,20000
"54000201001",3515676,WV,Not Considering Implementation,0,0
"25000390001",3081331,MA,In Process of Developing,0,0
